load_erl,method,blocking_prob,spectrum_utilization,service_acceptance,avg_reward
80,DQN-EON,0.006,0.62,0.994,0.79
80,PPO-EON,0.005,0.64,0.995,0.81
80,Heuristic-FF,0.018,0.55,0.982,0.61
100,DQN-EON,0.012,0.68,0.988,0.76
100,PPO-EON,0.010,0.70,0.990,0.78
100,Heuristic-FF,0.035,0.60,0.965,0.58
120,DQN-EON,0.021,0.73,0.979,0.72
120,PPO-EON,0.018,0.75,0.982,0.74
120,Heuristic-FF,0.061,0.66,0.939,0.53
140,DQN-EON,0.036,0.78,0.964,0.67
140,PPO-EON,0.031,0.80,0.969,0.70
140,Heuristic-FF,0.096,0.71,0.904,0.47
160,DQN-EON,0.054,0.83,0.946,0.61
160,PPO-EON,0.047,0.85,0.953,0.64
160,Heuristic-FF,0.142,0.76,0.858,0.40
